{"properties":{"connectionReferences":{"shared_commondataserviceforapps":{"runtimeSource":"embedded","connection":{},"api":{"name":"shared_commondataserviceforapps"}},"shared_translatorv2":{"runtimeSource":"embedded","connection":{},"api":{"name":"shared_translatorv2"}},"shared_commondataservice":{"runtimeSource":"embedded","connection":{},"api":{"name":"shared_commondataservice"}}},"definition":{"$schema":"https://schema.management.azure.com/providers/Microsoft.Logic/schemas/2016-06-01/workflowdefinition.json#","contentVersion":"1.0.0.0","parameters":{"$connections":{"defaultValue":{},"type":"Object"},"$authentication":{"defaultValue":{},"type":"SecureObject"}},"staticResults":{"Translate_text0":{"status":"Succeeded","outputs":{"statusCode":"OK","headers":{}}},"Translate_Description1":{"status":"Succeeded","outputs":{"statusCode":"OK","headers":{}}},"Create_a_new_record2":{"status":"Succeeded","outputs":{"statusCode":"OK","headers":{}}}},"triggers":{"When_a_record_is_updated":{"type":"OpenApiConnectionWebhook","inputs":{"host":{"connectionName":"shared_commondataservice","operationId":"SubscribeOnUpdatedItems","apiId":"/providers/Microsoft.PowerApps/apis/shared_commondataservice"},"parameters":{"dataset":"default.cds","table":"atz_bvalanguages","scope":"Organization","subscriptionRequest/AttributeFilters":["statecode"]},"authentication":"@parameters('$authentication')"}}},"actions":{"Condition":{"actions":{"English_Language_ID":{"runAfter":{},"type":"Compose","inputs":"29997ed6-5484-ea11-a811-000d3a085bd4"},"Get_English_Language_Resources":{"runAfter":{"English_Language_ID":["Succeeded"]},"type":"OpenApiConnection","inputs":{"host":{"connectionName":"shared_commondataserviceforapps","operationId":"ListRecords","apiId":"/providers/Microsoft.PowerApps/apis/shared_commondataserviceforapps"},"parameters":{"entityName":"atz_bvaresources","$select":"atz_screenname, atz_key,atz_text,atz_description,_atz_language_value","$filter":"_atz_language_value eq '@{outputs('English_Language_ID')}'"},"authentication":"@parameters('$authentication')"}},"Apply_to_each":{"foreach":"@outputs('Get_English_Language_Resources')?['body/value']","actions":{"Scope":{"actions":{"Text_Description":{"runAfter":{},"type":"Compose","inputs":"@items('Apply_to_each')?['atz_description']"},"Translate_text":{"runAfter":{"Text_Description":["Succeeded"]},"type":"OpenApiConnection","inputs":{"host":{"connectionName":"shared_translatorv2","operationId":"Translate","apiId":"/providers/Microsoft.PowerApps/apis/shared_translatorv2"},"parameters":{"to":"@triggerOutputs()?['body/atz_code']","body/Text":"@items('Apply_to_each')?['atz_text']"},"authentication":"@parameters('$authentication')"},"runtimeConfiguration":{"staticResult":{"staticResultOptions":"Disabled","name":"Translate_text0"}}},"Create_a_new_record":{"runAfter":{"Translate_text":["Succeeded"],"Check_Description":["Succeeded"]},"type":"OpenApiConnection","inputs":{"host":{"connectionName":"shared_commondataservice","operationId":"PostItem_V2","apiId":"/providers/Microsoft.PowerApps/apis/shared_commondataservice"},"parameters":{"dataset":"default.cds","table":"atz_bvaresources","item/atz_key":"@items('Apply_to_each')?['atz_key']","item/atz_text":"@outputs('Translate_text')?['body']","item/atz_description":"@if(greater(length(outputs('Description_Text')),0),outputs('Translate_Description')['body'],'')","item/atz_screenname":"@items('Apply_to_each')?['atz_screenname']","item/_atz_language_value":"@triggerOutputs()?['body/atz_bvalanguageid']","item/_ownerid_type":""},"authentication":"@parameters('$authentication')"},"runtimeConfiguration":{"staticResult":{"staticResultOptions":"Disabled","name":"Create_a_new_record2"}}},"Check_Description":{"actions":{"Translate_Description":{"runAfter":{},"type":"OpenApiConnection","inputs":{"host":{"connectionName":"shared_translatorv2","operationId":"Translate","apiId":"/providers/Microsoft.PowerApps/apis/shared_translatorv2"},"parameters":{"to":"@triggerOutputs()?['body/atz_code']","body/Text":"@items('Apply_to_each')?['atz_description']"},"authentication":"@parameters('$authentication')"},"runtimeConfiguration":{"staticResult":{"staticResultOptions":"Disabled","name":"Translate_Description1"}}}},"runAfter":{"Description_Text":["Succeeded"]},"expression":{"greater":["@length(outputs('Description_Text'))",0]},"type":"If"},"Description_Text":{"runAfter":{"Text_Description":["Succeeded"]},"type":"Compose","inputs":"@Coalesce(items('Apply_to_each')?['atz_description'],'')"}},"runAfter":{},"type":"Scope"}},"runAfter":{"Get_English_Language_Resources":["Succeeded"]},"type":"Foreach","runtimeConfiguration":{"concurrency":{"repetitions":20}}}},"runAfter":{},"else":{"actions":{"Get_Existing_Language_Resources":{"runAfter":{},"type":"OpenApiConnection","inputs":{"host":{"connectionName":"shared_commondataserviceforapps","operationId":"ListRecords","apiId":"/providers/Microsoft.PowerApps/apis/shared_commondataserviceforapps"},"parameters":{"entityName":"atz_bvaresources","$select":"atz_bvaresourceid","$filter":"_atz_language_value eq '@{triggerOutputs()?['body/atz_bvalanguageid']}'"},"authentication":"@parameters('$authentication')"}},"Remove_deactivated_translations":{"foreach":"@outputs('Get_Existing_Language_Resources')?['body/value']","actions":{"Delete_a_record":{"runAfter":{},"type":"OpenApiConnection","inputs":{"host":{"connectionName":"shared_commondataserviceforapps","operationId":"DeleteRecord","apiId":"/providers/Microsoft.PowerApps/apis/shared_commondataserviceforapps"},"parameters":{"entityName":"atz_bvaresources","recordId":"@items('Remove_deactivated_translations')?['atz_bvaresourceid']"},"authentication":"@parameters('$authentication')"}}},"runAfter":{"Get_Existing_Language_Resources":["Succeeded"]},"type":"Foreach","runtimeConfiguration":{"concurrency":{"repetitions":50}}}}},"expression":{"and":[{"equals":["@triggerBody()['_statecode_label']","Active"]},{"not":{"equals":["@triggerOutputs()?['body/atz_code']","en"]}}]},"type":"If"}},"outputs":{}}},"schemaVersion":"1.0.0.0"}