{"properties":{"connectionReferences":{"shared_translatorv2":{"runtimeSource":"invoker","connection":{},"api":{"name":"shared_translatorv2"}},"shared_commondataserviceforapps":{"runtimeSource":"embedded","connection":{},"api":{"name":"shared_commondataserviceforapps"}}},"definition":{"$schema":"https://schema.management.azure.com/providers/Microsoft.Logic/schemas/2016-06-01/workflowdefinition.json#","contentVersion":"1.0.0.0","parameters":{"$connections":{"defaultValue":{},"type":"Object"},"$authentication":{"defaultValue":{},"type":"SecureObject"}},"triggers":{"manual":{"type":"Request","kind":"Button","inputs":{"schema":{"type":"object","properties":{},"required":[]}}}},"actions":{"Get_languages":{"runAfter":{},"type":"OpenApiConnection","inputs":{"host":{"connectionName":"shared_translatorv2","operationId":"Languages","apiId":"/providers/Microsoft.PowerApps/apis/shared_translatorv2"},"parameters":{},"authentication":{"type":"Raw","value":"@json(decodeBase64(triggerOutputs().headers['X-MS-APIM-Tokens']))['$ConnectionKey']"}}},"List_all_languages":{"runAfter":{},"type":"OpenApiConnection","inputs":{"host":{"connectionName":"shared_commondataserviceforapps","operationId":"ListRecords","apiId":"/providers/Microsoft.PowerApps/apis/shared_commondataserviceforapps"},"parameters":{"entityName":"atz_bvalanguages"},"authentication":{"type":"Raw","value":"@json(decodeBase64(triggerOutputs().headers['X-MS-APIM-Tokens']))['$ConnectionKey']"}}},"Clear_existing_languages":{"foreach":"@outputs('List_all_languages')?['body/value']","actions":{"Delete_languages":{"runAfter":{},"type":"OpenApiConnection","inputs":{"host":{"connectionName":"shared_commondataserviceforapps","operationId":"DeleteRecord","apiId":"/providers/Microsoft.PowerApps/apis/shared_commondataserviceforapps"},"parameters":{"entityName":"atz_bvalanguages","recordId":"@items('Clear_existing_languages')?['atz_bvalanguageid']"},"authentication":{"type":"Raw","value":"@json(decodeBase64(triggerOutputs().headers['X-MS-APIM-Tokens']))['$ConnectionKey']"}}}},"runAfter":{"List_all_languages":["Succeeded"]},"type":"Foreach","runtimeConfiguration":{"concurrency":{"repetitions":50}}},"Populate_list_of_languages":{"foreach":"@outputs('Get_languages')?['body']","actions":{"Create_a_new_record":{"runAfter":{},"type":"OpenApiConnection","inputs":{"host":{"connectionName":"shared_commondataserviceforapps","operationId":"CreateRecord","apiId":"/providers/Microsoft.PowerApps/apis/shared_commondataserviceforapps"},"parameters":{"entityName":"atz_bvalanguages","item/atz_code":"@items('Populate_list_of_languages')?['Code']","item/atz_name":"@items('Populate_list_of_languages')?['Name']","item/statuscode":1},"authentication":{"type":"Raw","value":"@json(decodeBase64(triggerOutputs().headers['X-MS-APIM-Tokens']))['$ConnectionKey']"}}}},"runAfter":{"Get_languages":["Succeeded"],"Clear_existing_languages":["Succeeded"]},"type":"Foreach","runtimeConfiguration":{"concurrency":{"repetitions":50}}}},"outputs":{}}},"schemaVersion":"1.0.0.0"}