{"properties":{"connectionReferences":{"shared_commondataserviceforapps":{"runtimeSource":"embedded","connection":{},"api":{"name":"shared_commondataserviceforapps"}},"shared_translatorv2":{"runtimeSource":"embedded","connection":{},"api":{"name":"shared_translatorv2"}},"shared_commondataservice":{"runtimeSource":"embedded","connection":{},"api":{"name":"shared_commondataservice"}}},"definition":{"$schema":"https://schema.management.azure.com/providers/Microsoft.Logic/schemas/2016-06-01/workflowdefinition.json#","contentVersion":"1.0.0.0","parameters":{"$connections":{"defaultValue":{},"type":"Object"},"$authentication":{"defaultValue":{},"type":"SecureObject"}},"triggers":{"When_a_record_is_created,_updated_or_deleted":{"type":"OpenApiConnectionWebhook","inputs":{"host":{"connectionName":"shared_commondataserviceforapps","operationId":"SubscribeWebhookTrigger","apiId":"/providers/Microsoft.PowerApps/apis/shared_commondataserviceforapps"},"parameters":{"subscriptionRequest/message":1,"subscriptionRequest/entityname":"atz_bvaresource","subscriptionRequest/scope":4,"subscriptionRequest/filterexpression":"atz_machinetranslated eq null"},"authentication":"@parameters('$authentication')"}}},"actions":{"Condition":{"actions":{"List_records":{"runAfter":{},"type":"OpenApiConnection","inputs":{"host":{"connectionName":"shared_commondataserviceforapps","operationId":"ListRecords","apiId":"/providers/Microsoft.PowerApps/apis/shared_commondataserviceforapps"},"parameters":{"entityName":"atz_bvalanguages","$filter":"atz_code ne 'en' and statuscode eq 1"},"authentication":"@parameters('$authentication')"}},"Apply_to_each":{"foreach":"@outputs('List_records')?['body/value']","actions":{"Condition_2":{"actions":{"Compose":{"runAfter":{},"type":"Compose","inputs":"@items('Apply_to_each')?['atz_code']"},"Translate_text":{"runAfter":{"Compose":["Succeeded"]},"type":"OpenApiConnection","inputs":{"host":{"connectionName":"shared_translatorv2","operationId":"Translate","apiId":"/providers/Microsoft.PowerApps/apis/shared_translatorv2"},"parameters":{"to":"@items('Apply_to_each')?['atz_code']","body/Text":"@triggerOutputs()?['body/atz_text']"},"authentication":"@parameters('$authentication')"}},"Create_a_new_record":{"runAfter":{"Translate_text":["Succeeded"],"Condition_3":["Succeeded"]},"type":"OpenApiConnection","inputs":{"host":{"connectionName":"shared_commondataservice","operationId":"PostItem_V2","apiId":"/providers/Microsoft.PowerApps/apis/shared_commondataservice"},"parameters":{"dataset":"default.cds","table":"atz_bvaresources","item/atz_key":"@triggerOutputs()?['body/atz_key']","item/atz_text":"@outputs('Translate_text')?['body']","item/atz_description":"@outputs('Translate_text_2')?['body']","item/atz_machinetranslated":"@utcNow()","item/atz_screenname":"@triggerOutputs()?['body/atz_screenname']","item/_atz_language_value":"@items('Apply_to_each')?['atz_bvalanguageid']","item/_ownerid_type":""},"authentication":"@parameters('$authentication')"}},"Condition_3":{"actions":{"Translate_text_2":{"runAfter":{},"type":"OpenApiConnection","inputs":{"host":{"connectionName":"shared_translatorv2","operationId":"Translate","apiId":"/providers/Microsoft.PowerApps/apis/shared_translatorv2"},"parameters":{"to":"@items('Apply_to_each')?['atz_code']","body/Text":"@triggerOutputs()?['body/atz_description']"},"authentication":"@parameters('$authentication')"}}},"runAfter":{"Compose":["Succeeded"]},"expression":{"greater":["@length(coalesce(triggerBody()?['atz_description'],''))",0]},"type":"If"}},"runAfter":{},"expression":{"equals":["@length(coalesce(item()?['atz_text'],''))",0]},"type":"If"}},"runAfter":{"List_records":["Succeeded"]},"type":"Foreach","runtimeConfiguration":{"concurrency":{"repetitions":20}}}},"runAfter":{"Get_a_record":["Succeeded"]},"expression":{"equals":["@outputs('Get_a_record')?['body/atz_code']","en"]},"type":"If"},"Get_a_record":{"runAfter":{},"type":"OpenApiConnection","inputs":{"host":{"connectionName":"shared_commondataserviceforapps","operationId":"GetItem","apiId":"/providers/Microsoft.PowerApps/apis/shared_commondataserviceforapps"},"parameters":{"entityName":"atz_bvalanguages","recordId":"@triggerOutputs()?['body/_atz_language_value']"},"authentication":"@parameters('$authentication')"}}},"outputs":{}}},"schemaVersion":"1.0.0.0"}