{"properties":{"connectionReferences":{"shared_sharepointonline":{"runtimeSource":"invoker","connection":{},"api":{"name":"shared_sharepointonline"}},"shared_wordonlinebusiness":{"runtimeSource":"invoker","connection":{},"api":{"name":"shared_wordonlinebusiness"}},"shared_office365users":{"runtimeSource":"invoker","connection":{},"api":{"name":"shared_office365users"}},"shared_office365":{"runtimeSource":"invoker","connection":{},"api":{"name":"shared_office365"}}},"definition":{"$schema":"https://schema.management.azure.com/providers/Microsoft.Logic/schemas/2016-06-01/workflowdefinition.json#","contentVersion":"1.0.0.0","parameters":{"$connections":{"defaultValue":{},"type":"Object"},"$authentication":{"defaultValue":{},"type":"SecureObject"}},"staticResults":{"HTTP0":{"status":"Succeeded","outputs":{"statusCode":"OK","headers":{}}}},"triggers":{"manual":{"type":"Request","kind":"PowerApp","inputs":{"schema":{"type":"object","properties":{"FileType_Inputs":{"type":"any","description":"Inputs","x-ms-powerflows-param-ispartial":false},"ReportData_Inputs":{"type":"any","description":"Inputs","x-ms-powerflows-param-ispartial":false},"BusinessBenefitData_Inputs":{"type":"any","description":"Inputs","x-ms-powerflows-param-ispartial":false}},"required":["FileType_Inputs","ReportData_Inputs","BusinessBenefitData_Inputs"]}}}},"actions":{"Condition":{"actions":{"Process_PPTX":{"actions":{"Get_file_content":{"runAfter":{},"metadata":{"%252fBVA%2bApp%2bTemplate%252fPower%2bApps%2bBVA%2bdeck%2b-%2bapp%2bmodernisation.pptx":"/BVA App Template/Power Apps BVA deck - app modernisation.pptx"},"type":"OpenApiConnection","inputs":{"host":{"connectionName":"shared_sharepointonline","operationId":"GetFileContent","apiId":"/providers/Microsoft.PowerApps/apis/shared_sharepointonline"},"parameters":{"dataset":"https://microsoftapc.sharepoint.com/teams/AsiaTZPowerPlatform","id":"%252fBVA%2bApp%2bTemplate%252fPower%2bApps%2bBVA%2bdeck%2b-%2bapp%2bmodernisation.pptx","inferContentType":true},"authentication":{"type":"Raw","value":"@json(decodeBase64(triggerOutputs().headers['X-MS-APIM-Tokens']))['$ConnectionKey']"}}},"Compose":{"runAfter":{"Get_file_content":["Succeeded"]},"type":"Compose","inputs":"@base64(outputs('Get_file_content')?['body'])"},"PPTX_AzFunction":{"runAfter":{"Compose":["Succeeded"]},"type":"Http","inputs":{"method":"POST","uri":"https://bvadocgen.azurewebsites.net/api/ProcessPowerPoint?code=suAkJAEPzzNl4YW7xNHeCkKVSRSn7nITzneaIU1pXb2zYVfKmNvU8Q==","headers":{"Content-Type":"application/json"},"body":{"data_reducedDevCost":"@{body('Parse_BizBenefit')?['ReducedDevCost']}","data_ongoingCost":"@{body('Parse_BizBenefit')?['ReducedSupport']}","data_efficiencyCost":"@{body('Parse_BizBenefit')?['EffCostSavings']}","data_3partyCost":"@{body('Parse_BizBenefit')?['ThirdPartyAvoided']}","data_runCost":"@{body('Parse_BizBenefit')?['RunCostAvoided']}","customerName":"@{body('Parse_ReportData')?['customerName']}","presenterName":"@{body('Parse_ReportData')?['userName']}","email":"@{body('Parse_ReportData')?['userEmail']}","annualAvgBenefit":"@{body('Parse_ReportData')?['avgAnnualBenefits']}","roi":"@{body('Parse_ReportData')?['roi']}","netBenefit":"@{body('Parse_ReportData')?['netBenefits']}","payBack":"@{body('Parse_ReportData')?['payback']}","numUsers":"@{body('Parse_ReportData')?['numPAUsers']}","numPA":"@{body('Parse_ReportData')?['numPAApps']}","devCostMedComp":"@{body('Parse_ReportData')?['devCostMedComp']}","totalMedCompApps":"@{body('Parse_ReportData')?['totalDevCostMedComp']}","bizProcessApps":"@{body('Parse_ReportData')?['numBizProcApps']}","numFTE":"@{body('Parse_ReportData')?['numFTESupport']}","licenseType":"@{body('Parse_ReportData')?['licenseType']}","licensingCost":"@{body('Parse_ReportData')?['licensingCost']}","totalDevCostMedComp":"@{body('Parse_ReportData')?['totalDevCostMedComp']}","totalDevCostProcImp":"@{body('Parse_ReportData')?['totalDevCostBizProc']}","ongoingSuport":"@{body('Parse_ReportData')?['ongoingSupport']}","otherOneTimeCosts":"@{body('Parse_ReportData')?['onetimeCost']}","file":"@outputs('Compose')","devCostBizProc":"@{body('Parse_ReportData')?['devCostBizProcImp']}"}},"runtimeConfiguration":{"staticResult":{"staticResultOptions":"Disabled","name":"HTTP0"}}},"Set_variable_3":{"runAfter":{"PPTX_AzFunction":["Succeeded"]},"type":"SetVariable","inputs":{"name":"varFileContent","value":"@body('PPTX_AzFunction')"}},"Set_variable_4":{"runAfter":{"Set_variable_3":["Succeeded"]},"type":"SetVariable","inputs":{"name":"varFileName","value":"BVA Report for @{body('Parse_ReportData')?['customerName']}.pptx"}}},"runAfter":{},"type":"Scope"}},"runAfter":{"Scope":["Succeeded"]},"else":{"actions":{"Process_Word":{"actions":{"Word_AzFunction":{"runAfter":{"Switch":["Succeeded"]},"type":"Http","inputs":{"method":"POST","uri":"https://bvadocgen.azurewebsites.net/api/ProcessWordDoc?code=suAkJAEPzzNl4YW7xNHeCkKVSRSn7nITzneaIU1pXb2zYVfKmNvU8Q==","headers":{"Content-Type":"application/json"},"body":{"data_reducedDevCost":"@{body('Parse_BizBenefit')?['ReducedDevCost']}","data_ongoingCost":"@{body('Parse_BizBenefit')?['ReducedSupport']}","data_efficiencyCost":"@{body('Parse_BizBenefit')?['EffCostSavings']}","data_3partyCost":"@{body('Parse_BizBenefit')?['ThirdPartyAvoided']}","data_runCost":"@{body('Parse_BizBenefit')?['RunCostAvoided']}","file":"@variables('varFileContent')['$content']"}},"runtimeConfiguration":{"staticResult":{"staticResultOptions":"Disabled","name":"HTTP0"}}},"If_PDF":{"actions":{"Process_PDF":{"actions":{"Set_PDF_FileName":{"runAfter":{"PDF_File":["Succeeded"]},"type":"SetVariable","inputs":{"name":"varFileName","value":"BVA Report for @{body('Parse_ReportData')?['customerName']}.pdf"}},"PDF_File":{"runAfter":{"Delete_file":["Succeeded"]},"type":"SetVariable","inputs":{"name":"varFileContent","value":"@outputs('Convert_Word_Document_to_PDF')?['body']"}},"Delete_file":{"runAfter":{"Convert_Word_Document_to_PDF":["Succeeded"]},"type":"OpenApiConnection","inputs":{"host":{"connectionName":"shared_sharepointonline","operationId":"DeleteFile","apiId":"/providers/Microsoft.PowerApps/apis/shared_sharepointonline"},"parameters":{"dataset":"https://microsoftapc.sharepoint.com/teams/AsiaTZPowerPlatform","id":"@outputs('Create_temp_file')?['body/Id']"},"authentication":{"type":"Raw","value":"@json(decodeBase64(triggerOutputs().headers['X-MS-APIM-Tokens']))['$ConnectionKey']"}}},"Convert_Word_Document_to_PDF":{"runAfter":{"Create_temp_file":["Succeeded"]},"type":"OpenApiConnection","inputs":{"host":{"connectionName":"shared_wordonlinebusiness","operationId":"GetFilePDF","apiId":"/providers/Microsoft.PowerApps/apis/shared_wordonlinebusiness"},"parameters":{"source":"groups/22767bdd-5457-4aa2-a8b7-31e9fea76a25","drive":"b!vb1OWrPNE0mgE7xQilaJLDYs6TfzGK1CoctMXmLwOidJ4kuzmQGsSLV46Ox0gFSc","file":"Temp Files/@{outputs('Create_temp_file')?['body/Name']}"},"authentication":{"type":"Raw","value":"@json(decodeBase64(triggerOutputs().headers['X-MS-APIM-Tokens']))['$ConnectionKey']"}}},"Create_temp_file":{"runAfter":{},"type":"OpenApiConnection","inputs":{"host":{"connectionName":"shared_sharepointonline","operationId":"CreateFile","apiId":"/providers/Microsoft.PowerApps/apis/shared_sharepointonline"},"parameters":{"dataset":"https://microsoftapc.sharepoint.com/teams/AsiaTZPowerPlatform","folderPath":"/BVA App Template/Temp Files","name":"@{guid()}.docx","body":"@body('Word_AzFunction')"},"authentication":{"type":"Raw","value":"@json(decodeBase64(triggerOutputs().headers['X-MS-APIM-Tokens']))['$ConnectionKey']"}}}},"runAfter":{},"type":"Scope"}},"runAfter":{"Word_AzFunction":["Succeeded"]},"else":{"actions":{"Set_word_filename":{"runAfter":{},"type":"SetVariable","inputs":{"name":"varFileName","value":"BVA Report for @{body('Parse_ReportData')?['customerName']}.docx"}},"Set_variable_2":{"runAfter":{"Set_word_filename":["Succeeded"]},"type":"SetVariable","inputs":{"name":"varFileContent","value":"@body('Word_AzFunction')"}}}},"expression":{"equals":["@outputs('FileType')","pdf"]},"type":"If"},"Switch":{"runAfter":{},"cases":{"Japanese":{"case":"Japanese","actions":{"Japanese_Template":{"runAfter":{},"metadata":{"01URBLFBKYVUS7WWMVENGJLQPG6K3F363E":"/Power Apps BVA - Customer Output Template - Japan.docx"},"type":"OpenApiConnection","inputs":{"host":{"connectionName":"shared_wordonlinebusiness","operationId":"CreateFileItem","apiId":"/providers/Microsoft.PowerApps/apis/shared_wordonlinebusiness"},"parameters":{"source":"https://microsoftapc.sharepoint.com/teams/AsiaTZPowerPlatform","drive":"b!vb1OWrPNE0mgE7xQilaJLDYs6TfzGK1CoctMXmLwOidJ4kuzmQGsSLV46Ox0gFSc","file":"01URBLFBKYVUS7WWMVENGJLQPG6K3F363E","dynamicFileSchema/121961574":"@body('Parse_ReportData')?['numPAUsers']","dynamicFileSchema/225416102":"@body('Parse_ReportData')?['numFTESupport']","dynamicFileSchema/245080655":"@body('Parse_ReportData')?['userEmail']","dynamicFileSchema/260343762":"@body('Parse_ReportData')?['avgAnnualBenefits']","dynamicFileSchema/798727769":"@body('Parse_ReportData')?['numMedCompApps']","dynamicFileSchema/1164204125":"@body('Parse_ReportData')?['onetimeCost']","dynamicFileSchema/1287011795":"@body('Parse_ReportData')?['devCostBizProcImp']","dynamicFileSchema/1362936747":"@body('Parse_ReportData')?['totalDevCostMedComp']","dynamicFileSchema/1921510589":"@body('Parse_ReportData')?['customerName']","dynamicFileSchema/1986653920":"@body('Parse_ReportData')?['ongoingSupport']","dynamicFileSchema/-876242291":"@body('Parse_ReportData')?['userName']","dynamicFileSchema/-461877765":"@outputs('Get_user_profile_(V2)')?['body/jobTitle']","dynamicFileSchema/-790356254":"@body('Parse_ReportData')?['roi']","dynamicFileSchema/-2047360662":"@body('Parse_ReportData')?['payback']","dynamicFileSchema/-1390793169":"@body('Parse_ReportData')?['avgAnnualBenefits']","dynamicFileSchema/-1528325924":"@body('Parse_ReportData')?['netBenefits']","dynamicFileSchema/-922419817":"@body('Parse_ReportData')?['numPAApps']","dynamicFileSchema/-275560479":"@body('Parse_ReportData')?['licensingCost']","dynamicFileSchema/-1927722131":"@body('Parse_ReportData')?['devCostMedComp']","dynamicFileSchema/-1244641856":"@body('Parse_ReportData')?['totalDevCostBizProc']","dynamicFileSchema/-1236462050":"@body('Parse_ReportData')?['numBizProcApps']","dynamicFileSchema/-488786925":"@body('Parse_ReportData')?['licenseType']"},"authentication":{"value":"@json(decodeBase64(triggerOutputs().headers['X-MS-APIM-Tokens']))['$ConnectionKey']","type":"Raw"}}},"Set_Japan_Doc_Content":{"runAfter":{"Convert_Japan_Template":["Succeeded"]},"type":"SetVariable","inputs":{"name":"varFileContent","value":"@outputs('Convert_Japan_Template')"}},"Convert_Japan_Template":{"runAfter":{"Japanese_Template":["Succeeded"]},"type":"Compose","inputs":{"$content-type":"application/zip","$content":"@{base64(outputs('Japanese_Template')?['body'])}"}}}}},"default":{"actions":{"Populate_a_Microsoft_Word_template":{"runAfter":{},"metadata":{"01URBLFBP3E2WSWE4FQZCKFX3TE2IARDMV":"/Power Apps BVA - Customer Output Template -vFinal -legacy.docx"},"type":"OpenApiConnection","inputs":{"host":{"connectionName":"shared_wordonlinebusiness","operationId":"CreateFileItem","apiId":"/providers/Microsoft.PowerApps/apis/shared_wordonlinebusiness"},"parameters":{"source":"https://microsoftapc.sharepoint.com/teams/AsiaTZPowerPlatform","drive":"b!vb1OWrPNE0mgE7xQilaJLDYs6TfzGK1CoctMXmLwOidJ4kuzmQGsSLV46Ox0gFSc","file":"01URBLFBP3E2WSWE4FQZCKFX3TE2IARDMV","dynamicFileSchema/121961574":"@body('Parse_ReportData')?['numPAUsers']","dynamicFileSchema/225416102":"@body('Parse_ReportData')?['numFTESupport']","dynamicFileSchema/245080655":"@body('Parse_ReportData')?['userEmail']","dynamicFileSchema/260343762":"@body('Parse_ReportData')?['avgAnnualBenefits']","dynamicFileSchema/798727769":"@body('Parse_ReportData')?['numMedCompApps']","dynamicFileSchema/1164204125":"@body('Parse_ReportData')?['onetimeCost']","dynamicFileSchema/1287011795":"@body('Parse_ReportData')?['devCostBizProcImp']","dynamicFileSchema/1362936747":"@body('Parse_ReportData')?['totalDevCostMedComp']","dynamicFileSchema/1921510589":"@body('Parse_ReportData')?['customerName']","dynamicFileSchema/1986653920":"@body('Parse_ReportData')?['ongoingSupport']","dynamicFileSchema/-876242291":"@body('Parse_ReportData')?['userName']","dynamicFileSchema/-461877765":"@outputs('Get_user_profile_(V2)')?['body/jobTitle']","dynamicFileSchema/-790356254":"@body('Parse_ReportData')?['roi']","dynamicFileSchema/-2047360662":"@body('Parse_ReportData')?['payback']","dynamicFileSchema/-1390793169":"@body('Parse_ReportData')?['avgAnnualBenefits']","dynamicFileSchema/-1528325924":"@body('Parse_ReportData')?['netBenefits']","dynamicFileSchema/-922419817":"@body('Parse_ReportData')?['numPAApps']","dynamicFileSchema/-275560479":"@body('Parse_ReportData')?['licensingCost']","dynamicFileSchema/-1927722131":"@body('Parse_ReportData')?['devCostMedComp']","dynamicFileSchema/-1244641856":"@body('Parse_ReportData')?['totalDevCostBizProc']","dynamicFileSchema/-1236462050":"@body('Parse_ReportData')?['numBizProcApps']","dynamicFileSchema/-488786925":"@body('Parse_ReportData')?['licenseType']"},"authentication":{"type":"Raw","value":"@json(decodeBase64(triggerOutputs().headers['X-MS-APIM-Tokens']))['$ConnectionKey']"}}},"Set_variable":{"runAfter":{"Convert_English_Template":["Succeeded"]},"type":"SetVariable","inputs":{"name":"varFileContent","value":"@outputs('Convert_English_Template')"}},"Convert_English_Template":{"runAfter":{"Populate_a_Microsoft_Word_template":["Succeeded"]},"type":"Compose","inputs":{"$content-type":"application/zip","$content":"@{base64(outputs('Populate_a_Microsoft_Word_template')?['body'])}"}}}},"expression":"@body('Parse_ReportData')?['language']","type":"Switch"}},"runAfter":{},"type":"Scope"}}},"expression":{"equals":["@outputs('FileType')","powerpoint"]},"type":"If"},"Scope":{"actions":{"FileType":{"runAfter":{},"type":"Compose","inputs":"@triggerBody()['FileType_Inputs']"},"ReportData":{"runAfter":{"FileType":["Succeeded"]},"type":"Compose","inputs":"@triggerBody()['ReportData_Inputs']"},"Parse_BizBenefit":{"runAfter":{"BusinessBenefitData":["Succeeded"]},"type":"ParseJson","inputs":{"content":"@outputs('BusinessBenefitData')","schema":{"type":"object","properties":{"EffCostSavings":{"type":"number"},"ReducedDevCost":{"type":"number"},"ReducedSupport":{"type":"number"},"RunCostAvoided":{"type":"number"},"ThirdPartyAvoided":{"type":"number"},"TimeSavings":{"type":"number"}}}}},"Get_user_profile_(V2)":{"runAfter":{"Parse_BizBenefit":["Succeeded"]},"type":"OpenApiConnection","inputs":{"host":{"connectionName":"shared_office365users","operationId":"UserProfile_V2","apiId":"/providers/Microsoft.PowerApps/apis/shared_office365users"},"parameters":{"id":"@body('Parse_ReportData')?['userEmail']","$select":"jobTitle"},"authentication":{"type":"Raw","value":"@json(decodeBase64(triggerOutputs().headers['X-MS-APIM-Tokens']))['$ConnectionKey']"}}},"BusinessBenefitData":{"runAfter":{"Parse_ReportData":["Succeeded"]},"type":"Compose","inputs":"@triggerBody()['BusinessBenefitData_Inputs']"},"Parse_ReportData":{"runAfter":{"ReportData":["Succeeded"]},"type":"ParseJson","inputs":{"content":"@outputs('ReportData')","schema":{"type":"object","properties":{"avgAnnualBenefits":{"type":"string"},"customerName":{"type":"string"},"devCostBizProcImp":{"type":"string"},"devCostMedComp":{"type":"string"},"industry":{"type":"string"},"licenseType":{"type":"string"},"licensingCost":{"type":"string"},"netBenefits":{"type":"string"},"numBizProcApps":{"type":"string"},"numFTESupport":{"type":"string"},"numMedCompApps":{"type":"string"},"numPAApps":{"type":"string"},"numPAUsers":{"type":"string"},"onetimeCost":{"type":"string"},"ongoingSupport":{"type":"string"},"payback":{"type":"number"},"roi":{"type":"string"},"totalDevCostBizProc":{"type":"string"},"totalDevCostMedComp":{"type":"string"},"userEmail":{"type":"string"},"userName":{"type":"string"},"language":{"type":"string"}}}}}},"runAfter":{"varFileContent":["Succeeded"]},"type":"Scope"},"varFileName":{"runAfter":{},"type":"InitializeVariable","inputs":{"variables":[{"name":"varFileName","type":"string"}]}},"varFileContent":{"runAfter":{"varFileName":["Succeeded"]},"type":"InitializeVariable","inputs":{"variables":[{"name":"varFileContent","type":"object"}]}},"Send_an_email_(V2)":{"runAfter":{"Condition":["Succeeded"]},"type":"OpenApiConnection","inputs":{"host":{"connectionName":"shared_office365","operationId":"SendEmailV2","apiId":"/providers/Microsoft.PowerApps/apis/shared_office365"},"parameters":{"emailMessage/To":"@body('Parse_ReportData')?['userEmail']","emailMessage/Subject":"Business Value Assessment Report for @{body('Parse_ReportData')?['customerName']}","emailMessage/Body":"<p>Please find attached your Business Value Assessment Report.<br>\nThis Email is auto-generated from your interactive session on the BVA Power App tool.</p>","emailMessage/Attachments":[{"Name":"@variables('varFileName')","ContentBytes":"@variables('varFileContent')"}]},"authentication":{"type":"Raw","value":"@json(decodeBase64(triggerOutputs().headers['X-MS-APIM-Tokens']))['$ConnectionKey']"}}}},"outputs":{}}},"schemaVersion":"1.0.0.0"}