<ImportExportXml version="9.1.0.22845" SolutionPackageVersion="9.1" languagecode="1033" generatedBy="CrmLive" xmlns:xsi="http://www.w3.org/2001/XMLSchema-instance">
  <SolutionManifest>
    <UniqueName>BVATool</UniqueName>
    <LocalizedNames>
      <LocalizedName description="BVA Tool" languagecode="1033" />
    </LocalizedNames>
    <Descriptions />
    <Version>1.0.0.4</Version>
    <Managed>0</Managed>
    <Publisher>
      <UniqueName>asiatz</UniqueName>
      <LocalizedNames>
        <LocalizedName description="AsiaTZ" languagecode="1033" />
      </LocalizedNames>
      <Descriptions />
      <EMailAddress xsi:nil="true"></EMailAddress>
      <SupportingWebsiteUrl xsi:nil="true"></SupportingWebsiteUrl>
      <CustomizationPrefix>atz</CustomizationPrefix>
      <CustomizationOptionValuePrefix>96333</CustomizationOptionValuePrefix>
      <Addresses>
        <Address>
          <AddressNumber>1</AddressNumber>
          <AddressTypeCode>1</AddressTypeCode>
          <City xsi:nil="true"></City>
          <County xsi:nil="true"></County>
          <Country xsi:nil="true"></Country>
          <Fax xsi:nil="true"></Fax>
          <FreightTermsCode xsi:nil="true"></FreightTermsCode>
          <ImportSequenceNumber xsi:nil="true"></ImportSequenceNumber>
          <Latitude xsi:nil="true"></Latitude>
          <Line1 xsi:nil="true"></Line1>
          <Line2 xsi:nil="true"></Line2>
          <Line3 xsi:nil="true"></Line3>
          <Longitude xsi:nil="true"></Longitude>
          <Name xsi:nil="true"></Name>
          <PostalCode xsi:nil="true"></PostalCode>
          <PostOfficeBox xsi:nil="true"></PostOfficeBox>
          <PrimaryContactName xsi:nil="true"></PrimaryContactName>
          <ShippingMethodCode>1</ShippingMethodCode>
          <StateOrProvince xsi:nil="true"></StateOrProvince>
          <Telephone1 xsi:nil="true"></Telephone1>
          <Telephone2 xsi:nil="true"></Telephone2>
          <Telephone3 xsi:nil="true"></Telephone3>
          <TimeZoneRuleVersionNumber xsi:nil="true"></TimeZoneRuleVersionNumber>
          <UPSZone xsi:nil="true"></UPSZone>
          <UTCOffset xsi:nil="true"></UTCOffset>
          <UTCConversionTimeZoneCode xsi:nil="true"></UTCConversionTimeZoneCode>
        </Address>
        <Address>
          <AddressNumber>2</AddressNumber>
          <AddressTypeCode>1</AddressTypeCode>
          <City xsi:nil="true"></City>
          <County xsi:nil="true"></County>
          <Country xsi:nil="true"></Country>
          <Fax xsi:nil="true"></Fax>
          <FreightTermsCode xsi:nil="true"></FreightTermsCode>
          <ImportSequenceNumber xsi:nil="true"></ImportSequenceNumber>
          <Latitude xsi:nil="true"></Latitude>
          <Line1 xsi:nil="true"></Line1>
          <Line2 xsi:nil="true"></Line2>
          <Line3 xsi:nil="true"></Line3>
          <Longitude xsi:nil="true"></Longitude>
          <Name xsi:nil="true"></Name>
          <PostalCode xsi:nil="true"></PostalCode>
          <PostOfficeBox xsi:nil="true"></PostOfficeBox>
          <PrimaryContactName xsi:nil="true"></PrimaryContactName>
          <ShippingMethodCode>1</ShippingMethodCode>
          <StateOrProvince xsi:nil="true"></StateOrProvince>
          <Telephone1 xsi:nil="true"></Telephone1>
          <Telephone2 xsi:nil="true"></Telephone2>
          <Telephone3 xsi:nil="true"></Telephone3>
          <TimeZoneRuleVersionNumber xsi:nil="true"></TimeZoneRuleVersionNumber>
          <UPSZone xsi:nil="true"></UPSZone>
          <UTCOffset xsi:nil="true"></UTCOffset>
          <UTCConversionTimeZoneCode xsi:nil="true"></UTCConversionTimeZoneCode>
        </Address>
      </Addresses>
    </Publisher>
    <RootComponents>
      <RootComponent type="1" schemaName="atz_bvaconfiguration" behavior="0" />
      <RootComponent type="1" schemaName="atz_bvacountryprofile" behavior="0" />
      <RootComponent type="1" schemaName="atz_bvalanguage" behavior="0" />
      <RootComponent type="1" schemaName="atz_bvalicense" behavior="0" />
      <RootComponent type="1" schemaName="atz_bvaparameter" behavior="0" />
      <RootComponent type="1" schemaName="atz_bvaresource" behavior="0" />
      <RootComponent type="1" schemaName="atz_bvauserpreference" behavior="0" />
      <RootComponent type="9" schemaName="atz_updatemethod" behavior="0" />
      <RootComponent type="29" id="{307938df-b096-ea11-a812-000d3aa0fe67}" behavior="0" />
      <RootComponent type="29" id="{353c949b-e685-ea11-a811-000d3aa0fe67}" behavior="0" />
      <RootComponent type="29" id="{6af83fb7-989a-ea11-a812-000d3aa0fe67}" behavior="0" />
      <RootComponent type="29" id="{9c469d57-3b84-ea11-a811-000d3a085bd4}" behavior="0" />
      <RootComponent type="29" id="{c41f2d54-9c99-ea11-a812-000d3a085bd4}" behavior="0" />
      <RootComponent type="60" id="{0c8b04d5-d8b9-4901-bb53-3a0c16fd96e6}" behavior="0" />
      <RootComponent type="60" id="{c9b81aa0-22ad-474d-a50f-850423766e4b}" behavior="0" />
      <RootComponent type="62" schemaName="atz_BVAToolAdmin" behavior="0" />
      <RootComponent type="80" schemaName="atz_BVAToolAdmin" behavior="0" />
      <RootComponent type="300" schemaName="atz_bvatool_a0872" behavior="0" />
    </RootComponents>
    <MissingDependencies>
      <MissingDependency>
        <Required key="0" type="66" schemaName="MscrmControls.Grid.GridControl" displayName="MscrmControls.Grid.GridControl" solution="BaseCustomControlsCore (9.0.2008.5009)" />
        <Dependent key="1" type="68" id="{816c0dc2-bbd1-4ff1-b0c9-e99e7831cf7d}" />
      </MissingDependency>
      <MissingDependency>
        <Required key="0" type="66" schemaName="MscrmControls.Grid.GridControl" displayName="MscrmControls.Grid.GridControl" solution="BaseCustomControlsCore (9.0.2008.5009)" />
        <Dependent key="2" type="68" id="{f34a28ba-ab88-416f-b435-5b563e177b37}" />
      </MissingDependency>
      <MissingDependency>
        <Required key="0" type="66" schemaName="MscrmControls.Grid.GridControl" displayName="MscrmControls.Grid.GridControl" solution="BaseCustomControlsCore (9.0.2008.5009)" />
        <Dependent key="3" type="68" id="{a3313052-a0c7-44c6-8b3f-3ff3f852b14e}" />
      </MissingDependency>
      <MissingDependency>
        <Required key="0" type="66" schemaName="MscrmControls.Grid.GridControl" displayName="MscrmControls.Grid.GridControl" solution="BaseCustomControlsCore (9.0.2008.5009)" />
        <Dependent key="4" type="68" id="{21e131c2-8456-49be-80b3-4a8db14d8aad}" />
      </MissingDependency>
      <MissingDependency>
        <Required key="5" type="61" schemaName="msdyn_/Images/AppModule_Default_Icon.png" displayName="msdyn_/Images/AppModule_Default_Icon.png" solution="AppModuleWebResources (2.5)" />
        <Dependent key="6" type="80" schemaName="atz_BVAToolAdmin" displayName="BVA Tool Admin" />
      </MissingDependency>
    </MissingDependencies>
  </SolutionManifest>
</ImportExportXml>